{
  "name": "angular-br-filters",
  "version": "0.6.0",
  "homepage": "https://github.com/the-darc/angular-br-filters",
  "description": "An Angular library of masks applicable to several Brazilian data.",
  "authors": [
    "Igor Rafael <igor.rafael@gmail.com>",
    "Daniel Campos <darc.tec@gmail.com>"
  ],
  "main": "release/angular-br-filters.js",
  "keywords": [
    "angular",
    "filters",
    "cpnj",
    "cpf",
    "cep",
    "phone-number"
  ],
  "license": "MIT",
  "ignore": [
    "**/.*",
    "node_modules",
    "bower_components",
    "test",
    "tests"
  ],
  "dependencies": {
    "br-masks": "~0.4.1"
  },
  "_release": "0.6.0",
  "_resolution": {
    "type": "version",
    "tag": "0.6.0",
    "commit": "532f10ad612c86c19de2b9e3678caf739fef1d13"
  },
  "_source": "https://github.com/the-darc/angular-br-filters.git",
  "_target": "0.6.0",
  "_originalSource": "angular-br-filters"
}